Wall time,Step,Value
1686506329.2717886,1,25.85680389404297
1686507001.684439,2,0.0
1686507676.952499,3,-9.564271926879883
1686508354.4484553,4,-4.684993267059326
1686509038.2142699,5,0.0
1686509723.2076795,6,60.0
1686510408.7897522,7,90.0
1686511093.3581712,8,0.0
1686511782.6108937,9,0.0
1686512469.7584274,10,30.0
1686513164.1227334,11,0.0
1686513863.5193503,12,-2.030261754989624
1686514570.091948,13,-12.133774757385254
1686515282.468597,14,26.931236267089844
1686515997.3265479,15,0.0
1686516715.8243747,16,-6.489915370941162
1686517437.5230746,17,0.0
1686518166.862338,18,0.0
1686518896.2932394,19,30.0
1686519629.8520784,20,0.0
1686520366.0207043,21,0.0
1686521099.7715402,22,0.0
1686521831.9841623,23,0.0
1686522565.883832,24,0.0
1686523302.1782439,25,0.0
1686524039.0601037,26,-2.049898862838745
1686524775.0238898,27,0.0
1686525512.1424816,28,0.0
1686526247.950988,29,-5.773038864135742
1686526988.7797105,30,0.0
1686527728.0029721,31,0.0
1686528468.4720154,32,26.922374725341797
1686529204.7040863,33,0.0
1686529940.1580973,34,0.0
1686530671.9601595,35,0.0
1686531407.668653,36,0.0
1686532142.9588318,37,0.0
1686532885.1670942,38,0.0
1686533631.5961008,39,-9.776615142822266
1686534375.427589,40,0.0
1686535119.1696107,41,-2.1065304279327393
1686535863.972362,42,0.0
1686536607.6582801,43,0.0
1686537351.6507292,44,30.0
1686538086.0908556,45,0.0
1686538806.565763,46,0.0
1686539492.9890332,47,0.0
1686540181.8812451,48,30.0
1686540867.9742765,49,0.0
1686541559.6686547,50,0.0
