Wall time,Step,Value
1686110709.4191787,1,0.13359999656677246
1686111672.7087948,2,0.12700000405311584
1686112627.8702626,3,0.14560000598430634
1686113573.182311,4,0.1517000049352646
1686114518.2269228,5,0.16512000560760498
1686115462.0853837,6,0.1799333393573761
1686116405.2168288,7,0.1890285760164261
1686117347.3767097,8,0.20045000314712524
