Wall time,Step,Value
1686110579.3866901,1,0.13760000467300415
1686111441.8192227,2,0.1444000005722046
1686112298.5042365,3,0.15413333475589752
1686113145.682765,4,0.1565999984741211
1686113989.7496936,5,0.17000000178813934
1686114830.7027047,6,0.18593333661556244
1686115672.3689396,7,0.19194285571575165
1686116513.760384,8,0.20444999635219574
1686117351.2223592,9,0.21799999475479126
