Wall time,Step,Value
1686506197.519002,1,30.0
1686506801.5012245,2,60.0
1686531039.9287941,39,80.49027252197266
