Wall time,Step,Value
1686110148.027723,1,340.0
1686110519.8169508,2,400.0
1686116679.303235,18,500.0
