Wall time,Step,Value
1686110238.5992246,1,140.0
1686110642.1795707,2,320.0
1686112285.186652,6,398.34783935546875
1686115727.717385,14,485.0
1686117546.1602788,18,500.0
