Wall time,Step,Value
1686110709.419258,1,180.0
1686111672.7088647,2,192.0
1686114518.2270014,5,204.0
1686116405.216907,7,336.0
1686117347.3767767,8,876.0
