Wall time,Step,Value
1686506329.2719185,1,25.85680389404297
1686509723.2077944,6,60.0
1686510408.789869,7,90.0
