Wall time,Step,Value
1686110214.6347296,1,180.0
1686110552.0106165,2,400.0
1686115177.928434,15,455.8614196777344
1686116331.8838239,18,500.0
