Wall time,Step,Value
1686110297.7661376,1,100.0
1686110670.5480418,2,300.0
1686111043.3081832,3,470.0
1686115787.159533,15,480.0
1686117055.287707,18,500.0
